<?xml version="1.0" encoding="UTF-8"?>
<!DOCTYPE mapper PUBLIC "-//mybatis.org//DTD Mapper 3.0//EN" "http://mybatis.org/dtd/mybatis-3-mapper.dtd">
<mapper namespace="com.zr.mapper.lease.AgreementMapper">
  <resultMap id="BaseResultMap" type="com.zr.vo.lease.Agreement">
    <id column="id" jdbcType="BIGINT" property="id" />
    <result column="name" jdbcType="VARCHAR" property="name" />
    <result column="status" jdbcType="VARCHAR" property="status" />
    <result column="create_id" jdbcType="VARCHAR" property="createId" />
    <result column="create_time" jdbcType="TIMESTAMP" property="createTime" />
    <result column="modify_id" jdbcType="VARCHAR" property="modifyId" />
    <result column="modify_time" jdbcType="TIMESTAMP" property="modifyTime" />
  </resultMap>
  <resultMap extends="BaseResultMap" id="ResultMapWithBLOBs" type="com.zr.vo.lease.Agreement">
    <result column="text" jdbcType="LONGVARCHAR" property="text" />
  </resultMap>
  <sql id="Base_Column_List">
    id, name, status, create_id, create_time, modify_id, modify_time
  </sql>
  <sql id="Blob_Column_List">
    text
  </sql>
  <select id="selectByPrimaryKey" parameterType="java.lang.Long" resultMap="ResultMapWithBLOBs">
    select 
    <include refid="Base_Column_List" />
    ,
    <include refid="Blob_Column_List" />
    from lease_agreement
    where id = #{id,jdbcType=BIGINT}
  </select>
  <delete id="deleteByPrimaryKey" parameterType="java.lang.Long">
    delete from lease_agreement
    where id = #{id,jdbcType=BIGINT}
  </delete>
  <insert id="insert" parameterType="com.zr.vo.lease.Agreement">
    insert into lease_agreement (id, name, status, 
      create_id, create_time, modify_id, 
      modify_time, text)
    values (#{id,jdbcType=BIGINT}, #{name,jdbcType=VARCHAR}, #{status,jdbcType=VARCHAR}, 
      #{createId,jdbcType=VARCHAR}, #{createTime,jdbcType=TIMESTAMP}, #{modifyId,jdbcType=VARCHAR}, 
      #{modifyTime,jdbcType=TIMESTAMP}, #{text,jdbcType=LONGVARCHAR})
  </insert>
  <insert id="insertSelective" parameterType="com.zr.vo.lease.Agreement">
    insert into lease_agreement
    <trim prefix="(" suffix=")" suffixOverrides=",">
      <if test="id != null">
        id,
      </if>
      <if test="name != null">
        name,
      </if>
      <if test="status != null">
        status,
      </if>
      <if test="createId != null">
        create_id,
      </if>
      <if test="createTime != null">
        create_time,
      </if>
      <if test="modifyId != null">
        modify_id,
      </if>
      <if test="modifyTime != null">
        modify_time,
      </if>
      <if test="text != null">
        text,
      </if>
    </trim>
    <trim prefix="values (" suffix=")" suffixOverrides=",">
      <if test="id != null">
        #{id,jdbcType=BIGINT},
      </if>
      <if test="name != null">
        #{name,jdbcType=VARCHAR},
      </if>
      <if test="status != null">
        #{status,jdbcType=VARCHAR},
      </if>
      <if test="createId != null">
        #{createId,jdbcType=VARCHAR},
      </if>
      <if test="createTime != null">
        #{createTime,jdbcType=TIMESTAMP},
      </if>
      <if test="modifyId != null">
        #{modifyId,jdbcType=VARCHAR},
      </if>
      <if test="modifyTime != null">
        #{modifyTime,jdbcType=TIMESTAMP},
      </if>
      <if test="text != null">
        #{text,jdbcType=LONGVARCHAR},
      </if>
    </trim>
  </insert>
  <update id="updateByPrimaryKeySelective" parameterType="com.zr.vo.lease.Agreement">
    update lease_agreement
    <set>
      <if test="name != null">
        name = #{name,jdbcType=VARCHAR},
      </if>
      <if test="status != null">
        status = #{status,jdbcType=VARCHAR},
      </if>
      <if test="createId != null">
        create_id = #{createId,jdbcType=VARCHAR},
      </if>
      <if test="createTime != null">
        create_time = #{createTime,jdbcType=TIMESTAMP},
      </if>
      <if test="modifyId != null">
        modify_id = #{modifyId,jdbcType=VARCHAR},
      </if>
      <if test="modifyTime != null">
        modify_time = #{modifyTime,jdbcType=TIMESTAMP},
      </if>
      <if test="text != null">
        text = #{text,jdbcType=LONGVARCHAR},
      </if>
    </set>
    where id = #{id,jdbcType=BIGINT}
  </update>
  <update id="updateByPrimaryKeyWithBLOBs" parameterType="com.zr.vo.lease.Agreement">
    update lease_agreement
    set name = #{name,jdbcType=VARCHAR},
      status = #{status,jdbcType=VARCHAR},
      create_id = #{createId,jdbcType=VARCHAR},
      create_time = #{createTime,jdbcType=TIMESTAMP},
      modify_id = #{modifyId,jdbcType=VARCHAR},
      modify_time = #{modifyTime,jdbcType=TIMESTAMP},
      text = #{text,jdbcType=LONGVARCHAR}
    where id = #{id,jdbcType=BIGINT}
  </update>
  <update id="updateByPrimaryKey" parameterType="com.zr.vo.lease.Agreement">
    update lease_agreement
    set name = #{name,jdbcType=VARCHAR},
      status = #{status,jdbcType=VARCHAR},
      create_id = #{createId,jdbcType=VARCHAR},
      create_time = #{createTime,jdbcType=TIMESTAMP},
      modify_id = #{modifyId,jdbcType=VARCHAR},
      modify_time = #{modifyTime,jdbcType=TIMESTAMP}
    where id = #{id,jdbcType=BIGINT}
  </update>
</mapper>