<?xml version="1.0" encoding="UTF-8"?>
<!DOCTYPE mapper PUBLIC "-//mybatis.org//DTD Mapper 3.0//EN" "http://mybatis.org/dtd/mybatis-3-mapper.dtd">
<mapper namespace="com.zr.mapper.shop.ProvinceMapper">
  <resultMap id="BaseResultMap" type="com.zr.vo.shop.Province">
    <id column="id" jdbcType="BIGINT" property="id" />
    <result column="name" jdbcType="VARCHAR" property="name" />
  </resultMap>
  <sql id="Base_Column_List">
    id, name
  </sql>
  <select id="selectByPrimaryKey" parameterType="java.lang.Long" resultMap="BaseResultMap">
    select 
    <include refid="Base_Column_List" />
    from shop_province
    where id = #{id,jdbcType=BIGINT}
  </select>
  <delete id="deleteByPrimaryKey" parameterType="java.lang.Long">
    delete from shop_province
    where id = #{id,jdbcType=BIGINT}
  </delete>
  <insert id="insert" parameterType="com.zr.vo.shop.Province">
    insert into shop_province (id, name)
    values (#{id,jdbcType=BIGINT}, #{name,jdbcType=VARCHAR})
  </insert>
  <insert id="insertSelective" parameterType="com.zr.vo.shop.Province">
    insert into shop_province
    <trim prefix="(" suffix=")" suffixOverrides=",">
      <if test="id != null">
        id,
      </if>
      <if test="name != null">
        name,
      </if>
    </trim>
    <trim prefix="values (" suffix=")" suffixOverrides=",">
      <if test="id != null">
        #{id,jdbcType=BIGINT},
      </if>
      <if test="name != null">
        #{name,jdbcType=VARCHAR},
      </if>
    </trim>
  </insert>
  <update id="updateByPrimaryKeySelective" parameterType="com.zr.vo.shop.Province">
    update shop_province
    <set>
      <if test="name != null">
        name = #{name,jdbcType=VARCHAR},
      </if>
    </set>
    where id = #{id,jdbcType=BIGINT}
  </update>
  <update id="updateByPrimaryKey" parameterType="com.zr.vo.shop.Province">
    update shop_province
    set name = #{name,jdbcType=VARCHAR}
    where id = #{id,jdbcType=BIGINT}
  </update>
</mapper>