<?xml version="1.0" encoding="UTF-8"?>
<!DOCTYPE mapper PUBLIC "-//mybatis.org//DTD Mapper 3.0//EN" "http://mybatis.org/dtd/mybatis-3-mapper.dtd">
<mapper namespace="com.zr.mapper.sys.UserMapper">
  <resultMap id="BaseResultMap" type="com.zr.vo.sys.User">
    <id column="user_id" jdbcType="VARCHAR" property="userId" />
    <result column="user_name" jdbcType="VARCHAR" property="userName" />
    <result column="password" jdbcType="CHAR" property="password" />
    <result column="status" jdbcType="CHAR" property="status" />
    <result column="create_id" jdbcType="VARCHAR" property="createId" />
    <result column="create_time" jdbcType="TIMESTAMP" property="createTime" />
    <result column="modify_id" jdbcType="VARCHAR" property="modifyId" />
    <result column="modify_time" jdbcType="TIMESTAMP" property="modifyTime" />
    <result column="img_url" jdbcType="VARCHAR" property="imgUrl" />
  </resultMap>
  <sql id="Base_Column_List">
    user_id, user_name, password, status, create_id, create_time, modify_id, modify_time, 
    img_url
  </sql>
  <select id="selectByPrimaryKey" parameterType="java.lang.String" resultMap="BaseResultMap">
    select 
    <include refid="Base_Column_List" />
    from sys_user
    where user_id = #{userId,jdbcType=VARCHAR}
  </select>
    <delete id="deleteByPrimaryKey" parameterType="java.lang.String">
    delete from sys_user
    where user_id = #{userId,jdbcType=VARCHAR}
  </delete>
  <insert id="insert" parameterType="com.zr.vo.sys.User">
    insert into sys_user (user_id, user_name, password, 
      status, create_id, create_time, 
      modify_id, modify_time, img_url
      )
    values (#{userId,jdbcType=VARCHAR}, #{userName,jdbcType=VARCHAR}, #{password,jdbcType=CHAR}, 
      #{status,jdbcType=CHAR}, #{createId,jdbcType=VARCHAR}, #{createTime,jdbcType=TIMESTAMP}, 
      #{modifyId,jdbcType=VARCHAR}, #{modifyTime,jdbcType=TIMESTAMP}, #{imgUrl,jdbcType=VARCHAR}
      )
  </insert>
  <insert id="insertSelective" parameterType="com.zr.vo.sys.User">
    insert into sys_user
    <trim prefix="(" suffix=")" suffixOverrides=",">
      <if test="userId != null">
        user_id,
      </if>
      <if test="userName != null">
        user_name,
      </if>
      <if test="password != null">
        password,
      </if>
      <if test="status != null">
        status,
      </if>
      <if test="createId != null">
        create_id,
      </if>
      <if test="createTime != null">
        create_time,
      </if>
      <if test="modifyId != null">
        modify_id,
      </if>
      <if test="modifyTime != null">
        modify_time,
      </if>
      <if test="imgUrl != null">
        img_url,
      </if>
    </trim>
    <trim prefix="values (" suffix=")" suffixOverrides=",">
      <if test="userId != null">
        #{userId,jdbcType=VARCHAR},
      </if>
      <if test="userName != null">
        #{userName,jdbcType=VARCHAR},
      </if>
      <if test="password != null">
        #{password,jdbcType=CHAR},
      </if>
      <if test="status != null">
        #{status,jdbcType=CHAR},
      </if>
      <if test="createId != null">
        #{createId,jdbcType=VARCHAR},
      </if>
      <if test="createTime != null">
        #{createTime,jdbcType=TIMESTAMP},
      </if>
      <if test="modifyId != null">
        #{modifyId,jdbcType=VARCHAR},
      </if>
      <if test="modifyTime != null">
        #{modifyTime,jdbcType=TIMESTAMP},
      </if>
      <if test="imgUrl != null">
        #{imgUrl,jdbcType=VARCHAR},
      </if>
    </trim>
  </insert>
  <update id="updateByPrimaryKeySelective" parameterType="com.zr.vo.sys.User">
    update sys_user
    <set>
      <if test="userName != null">
        user_name = #{userName,jdbcType=VARCHAR},
      </if>
      <if test="password != null">
        password = #{password,jdbcType=CHAR},
      </if>
      <if test="status != null">
        status = #{status,jdbcType=CHAR},
      </if>
      <if test="createId != null">
        create_id = #{createId,jdbcType=VARCHAR},
      </if>
      <if test="createTime != null">
        create_time = #{createTime,jdbcType=TIMESTAMP},
      </if>
      <if test="modifyId != null">
        modify_id = #{modifyId,jdbcType=VARCHAR},
      </if>
      <if test="modifyTime != null">
        modify_time = #{modifyTime,jdbcType=TIMESTAMP},
      </if>
      <if test="imgUrl != null">
        img_url = #{imgUrl,jdbcType=VARCHAR},
      </if>
    </set>
    where user_id = #{userId,jdbcType=VARCHAR}
  </update>
  <update id="updateByPrimaryKey" parameterType="com.zr.vo.sys.User">
    update sys_user
    set user_name = #{userName,jdbcType=VARCHAR},
      password = #{password,jdbcType=CHAR},
      status = #{status,jdbcType=CHAR},
      create_id = #{createId,jdbcType=VARCHAR},
      create_time = #{createTime,jdbcType=TIMESTAMP},
      modify_id = #{modifyId,jdbcType=VARCHAR},
      modify_time = #{modifyTime,jdbcType=TIMESTAMP},
      img_url = #{imgUrl,jdbcType=VARCHAR}
    where user_id = #{userId,jdbcType=VARCHAR}
  </update>



  <resultMap id="RsResultMap" type="com.zr.vo.sys.User">
    <id column="user_id" jdbcType="VARCHAR" property="userId" />
    <result column="user_name" jdbcType="VARCHAR" property="userName" />
    <result column="password" jdbcType="CHAR" property="password" />
    <result column="status" jdbcType="CHAR" property="status" />
    <result column="create_id" jdbcType="VARCHAR" property="createId" />
    <result column="create_time" jdbcType="TIMESTAMP" property="createTime" />
    <result column="modify_id" jdbcType="VARCHAR" property="modifyId" />
    <result column="modify_time" jdbcType="TIMESTAMP" property="modifyTime" />
    <result column="img_url" jdbcType="VARCHAR" property="imgUrl" />
    <collection property="roleList" ofType="com.zr.vo.sys.Role" column="user_id" select="com.zr.mapper.sys.RoleMapper.listByUserId"></collection>
  </resultMap>

  <select id="list" resultMap="RsResultMap">
        select * from  sys_user
        <where>
          <if test="userId != null">
            user_id like '%${userId}%'
          </if>
          <if test="userName != null">
            and user_name like '%${userName}%'
          </if>
        </where>
  </select>
  <select id="login" resultMap="BaseResultMap">
    select * from  sys_user where user_id = #{userId} and password = #{password}
  </select>
  <select id="selectAuthUrlsList" resultType="java.lang.String">
    SELECT sys_auth.url FROM sys_user
    LEFT JOIN sys_userrole ON sys_user.user_id = sys_userrole.user_id
    LEFT JOIN sys_roleauth ON sys_userrole.role_id = sys_roleauth.role_id
    LEFT JOIN sys_auth ON sys_roleauth.auth_id = sys_auth.id
    WHERE sys_user.user_id = #{userId} and sys_auth.url is not null
  </select>


</mapper>